pass_id,date,platform,coverage,t_vv,t_vh,otsu_ok,water_fraction,water_area_km2,vh_rescued_fraction
20150119_S1A,2015-01-19,S1A,1.0,-13.068405151367188,-19.25977325439453,True,0.25669797363009944,954.2367,0.07419109285833284
20150308_S1A,2015-03-08,S1A,1.0,-13.655112266540527,-19.790231704711914,True,0.18233536082500018,677.8047,0.02579037513236237
20150401_S1A,2015-04-01,S1A,1.0,-15.0,-18.863882064819336,False,0.12348545748386103,459.0389,0.04124148160414945
20150425_S1A,2015-04-25,S1A,1.0,-13.163677215576172,-18.65853500366211,True,0.13838579554440353,514.4287,0.021772030783526304
20150519_S1A,2015-05-19,S1A,1.0,-12.812460899353027,-18.677371978759766,True,0.126569588421263,470.5037,0.008307526656273784
20150612_S1A,2015-06-12,S1A,1.0,-13.078632354736328,-18.840465545654297,True,0.21551731489289458,801.1537,0.012113085123848512
20150706_S1A,2015-07-06,S1A,1.0,-12.461244583129883,-18.603092193603516,True,0.22001839535288548,817.8858,0.018026353652448132
20150823_S1A,2015-08-23,S1A,1.0,-12.627029418945312,-19.07353401184082,True,0.35011135211600497,1301.4871,0.02745874018545298
20151010_S1A,2015-10-10,S1A,1.0,-12.39100170135498,-18.595827102661133,True,0.20061345281838935,745.7508,0.016520120142513278
20151127_S1A,2015-11-27,S1A,1.0,-14.411909103393555,-19.391916275024414,True,0.16080613729359333,597.773,0.0254084096800198
20160207_S1A,2016-02-07,S1A,1.0,-13.351800918579102,-18.464488983154297,True,0.35780169211314106,1330.0748,0.1599581411703315
20160302_S1A,2016-03-02,S1A,1.0,-13.473716735839844,-19.27968978881836,True,0.187515580647611,697.0614,0.029483003747909905
20160419_S1A,2016-04-19,S1A,1.0,-13.080785751342773,-18.86953353881836,True,0.20751844881836448,771.4191,0.0342315184096507
20160513_S1A,2016-05-13,S1A,1.0,-13.149951934814453,-18.849348068237305,True,0.13897543571271798,516.6206,0.011207817048474749
20160606_S1A,2016-06-06,S1A,1.0,-13.591327667236328,-19.295299530029297,True,0.1386144260380622,515.2786,0.005558150144461707
20160630_S1A,2016-06-30,S1A,1.0,-13.44545841217041,-18.94704246520996,True,0.20795437741581582,773.0396,0.010916588230455125
20160724_S1A,2016-07-24,S1A,1.0,-13.093435287475586,-18.819473266601562,True,0.3729719804035771,1386.4681,0.03881795532997562
20160817_S1A,2016-08-17,S1A,1.0,-12.245671272277832,-18.86953353881836,True,0.3244582790238395,1206.1256,0.037763145318580146
20160910_S1A,2016-09-10,S1A,1.0,-13.989642143249512,-19.399991989135742,True,0.23386572576031878,869.3612,0.012950832015661471
20161004_S1A,2016-10-04,S1A,1.0,-14.665430068969727,-19.12682342529297,True,0.2140306921171493,795.6274,0.014908004808476701
20161028_S1A,2016-10-28,S1A,1.0,-14.028934478759766,-18.69755744934082,True,0.17528117260031262,651.5818,0.023109730343258597
20161121_S1A,2016-11-21,S1A,1.0,-14.590343475341797,-19.12682342529297,True,0.16078660726201358,597.7004,0.030194693163162735
20161215_S1A,2016-12-15,S1A,1.0,-13.883066177368164,-19.39649200439453,True,0.1699717748002281,631.8449,0.030243545142982026
20170108_S1A,2017-01-08,S1A,1.0,-14.456584930419922,-18.595827102661133,True,0.1884529414608286,700.5459,0.06409368991942893
20170201_S1A,2017-02-01,S1A,1.0,-13.233114242553711,-18.595827102661133,True,0.3310341697809131,1230.5705,0.11826241147629848
20170225_S1A,2017-02-25,S1A,0.9986080682864595,-13.516777038574219,-19.003559112548828,True,0.23586581633378748,875.5758,0.07376516683900038
20170309_S1A,2017-03-09,S1A,0.9986574313828077,-13.202970504760742,-19.113365173339844,True,0.2018171400406065,749.2181,0.033425627695538564
20170321_S1A,2017-03-21,S1A,1.0,-13.926126480102539,-19.22478675842285,True,0.13935680934592176,518.0383,0.027723955862236232
20170402_S1A,2017-04-02,S1A,1.0,-11.691798210144043,-19.22478675842285,True,0.3388212991081097,1259.518,0.011324970337083235
20170414_S1A,2017-04-14,S1A,1.0,-12.531488418579102,-18.85715103149414,True,0.26521261008407626,985.8886,0.022161313272493786
20170426_S1A,2017-04-26,S1A,1.0,-13.37252426147461,-19.12682342529297,True,0.1630157209490982,605.9868,0.01489355904131648
20170508_S1A,2017-05-08,S1A,1.0,-13.864496231079102,-19.39649200439453,True,0.14230899151624574,529.0126,0.006369372778509347
20170520_S1A,2017-05-20,S1A,1.0,-12.771822929382324,-19.140817642211914,True,0.16315539026585027,606.506,0.007487830248193613
20170601_S1A,2017-06-01,S1A,1.0,-12.809232711791992,-18.702133178710938,True,0.14917557307394008,554.5381,0.006023965608421414
20170731_S1A,2017-07-31,S1A,1.0,-12.924150466918945,-18.425466537475586,True,0.3353222491526831,1246.5108,0.048503479049158624
20170812_S1A,2017-08-12,S1A,1.0,-13.193013191223145,-18.57806396484375,True,0.43204903469052797,1606.0783,0.06795372264864136
20170824_S1A,2017-08-24,S1A,1.0,-13.506551742553711,-18.830509185791016,True,0.4399591009933711,1635.4828,0.042792370558192246
20170905_S1A,2017-09-05,S1A,1.0,-13.221271514892578,-18.849348068237305,True,0.31193745741424156,1159.5813,0.02631370465626351
20170917_S1A,2017-09-17,S1A,1.0,-12.601730346679688,-18.603092193603516,True,0.28520910274865285,1060.2226,0.024883869616971158
20170929_S1A,2017-09-29,S1A,1.0,-13.332962036132812,-18.603092193603516,True,0.24374385970830473,906.0817,0.028244326290443475
20171011_S1A,2017-10-11,S1A,1.0,-14.278688430786133,-18.739004135131836,True,0.2124323231276544,789.6857,0.017228554552502818
20171023_S1A,2017-10-23,S1A,1.0,-13.23392105102539,-18.317813873291016,True,0.21400744976551722,795.541,0.019196837404605142
20171104_S1A,2017-11-04,S1A,1.0,-14.278688430786133,-18.417123794555664,True,0.1806182244947001,671.4215,0.02806540860444232
20171116_S1A,2017-11-16,S1A,1.0,-13.476139068603516,-18.44403648376465,True,0.16720631156818916,621.5647,0.029831827328480793
20171128_S1A,2017-11-28,S1A,1.0,-14.337359428405762,-18.86953353881836,True,0.16531601433805607,614.5378,0.03399887968637029
20171210_S1A,2017-12-10,S1A,1.0,-13.101778030395508,-18.407703399658203,True,0.1599919017621119,594.7462,0.03015251259908969
20171222_S1A,2017-12-22,S1A,1.0,-13.853731155395508,-19.12682342529297,True,0.1535217045230504,570.6942,0.023956650431722647
20180103_S1A,2018-01-03,S1A,1.0,-13.363911628723145,-19.216712951660156,True,0.17039818048971903,633.43,0.025939567357074804
20180115_S1A,2018-01-15,S1A,1.0,-13.781333923339844,-19.013517379760742,True,0.17594782995927827,654.06,0.03813526505252301
20180127_S1A,2018-01-27,S1A,1.0,-13.481791496276855,-18.56756591796875,True,0.2683901408419257,997.7006,0.09313078484713809
20180208_S1A,2018-02-08,S1A,1.0,-12.795236587524414,-18.294668197631836,True,0.38959405484318016,1448.2582,0.13169189067088322
20180220_S1A,2018-02-20,S1A,1.0,-13.967035293579102,-18.294668197631836,True,0.3141941713938893,1167.9703,0.16085227228554821
20180304_S1A,2018-03-04,S1A,1.0,-13.101778030395508,-18.840465545654297,True,0.20057778226484288,745.6182,0.04294175108899429
20180316_S1A,2018-03-16,S1A,1.0,-13.491748809814453,-19.138933181762695,True,0.18931761612345605,703.7602,0.02359666299012477
20180328_S1A,2018-03-28,S1A,1.0,-12.798196792602539,-19.13193702697754,True,0.18182424429605387,675.9047,0.020052016060142168
20180409_S1A,2018-04-09,S1A,1.0,-12.255359649658203,-19.13193702697754,True,0.3032998301828783,1127.4722,0.015587063468486801
20180421_S1A,2018-04-21,S1A,1.0,-12.262625694274902,-19.13193702697754,True,0.2378914678483896,884.3263,0.012174015594272902
20180503_S1A,2018-05-03,S1A,1.0,-13.642461776733398,-18.830509185791016,True,0.14077464659721883,523.3089,0.016300851151595307
20180515_S1A,2018-05-15,S1A,1.0,-12.680317878723145,-18.691905975341797,True,0.13735734838555372,510.6056,0.007817877021543213
20180527_S1A,2018-05-27,S1A,1.0,-12.64317798614502,-18.877607345581055,True,0.14927416476228683,554.9046,0.006305375608911279
20180608_S1A,2018-06-08,S1A,1.0,-14.1748046875,-18.603092193603516,True,0.148259786758418,551.1338,0.016866199834349824
20180714_S1A,2018-07-14,S1A,1.0,-13.198396682739258,-18.85715103149414,True,0.2202128617417146,818.6087,0.013773433717695653
20180726_S1A,2018-07-26,S1A,1.0,-12.920921325683594,-18.57806396484375,True,0.25116274302683045,933.6603,0.02930376325146941
20180807_S1A,2018-08-07,S1A,1.0,-12.742218017578125,-18.840465545654297,True,0.3459635338801258,1286.0682,0.049680365208362436
20180819_S1A,2018-08-19,S1A,1.0,-13.080785751342773,-18.86953353881836,True,0.2392037460860243,889.2045,0.028950689333447285
20180831_S1A,2018-08-31,S1A,1.0,-12.956177711486816,-18.863882064819336,True,0.21695166927833762,806.4857,0.017313157788478407
20180912_S1A,2018-09-12,S1A,1.0,-13.032880783081055,-18.603092193603516,True,0.274942896850847,1022.0595,0.03042636345512514
20180924_S1A,2018-09-24,S1A,1.0,-13.323541641235352,-18.939777374267578,True,0.21383485378395303,794.8994,0.012969581922012818
20181006_S1A,2018-10-06,S1A,1.0,-14.826641082763672,-18.85715103149414,True,0.1667814123274151,619.9852,0.015019697220486444
20181018_S1A,2018-10-18,S1A,1.0,-13.078632354736328,-18.95834732055664,True,0.1811633168223864,673.4478,0.0133285471305528
20181030_S1A,2018-10-30,S1A,1.0,-14.316099166870117,-18.849348068237305,True,0.15667389466141207,582.412,0.024034393945862376
20181111_S1A,2018-11-11,S1A,1.0,-14.467350006103516,-18.86953353881836,True,0.15618680060932622,580.6013,0.028257346311496633
20181123_S1A,2018-11-23,S1A,1.0,-14.337359428405762,-18.939777374267578,True,0.156914038727407,583.3047,0.02763286951660401
20181217_S1A,2018-12-17,S1A,1.0,-13.334576606750488,-18.603092193603516,True,0.15711450401023375,584.0499,0.03782162780983958
20181229_S1A,2018-12-29,S1A,1.0,-13.363911628723145,-18.85715103149414,True,0.18658284678402387,693.5941,0.046440209225282116
20190110_S1A,2019-01-10,S1A,1.0,-13.781333923339844,-18.464488983154297,True,0.21410873154085844,795.9175,0.08074314944463558
20190122_S1A,2019-01-22,S1A,1.0,-13.512203216552734,-18.43703842163086,True,0.28109940304548514,1044.9454,0.10512047568055098
20190203_S1A,2019-02-03,S1A,1.0,-12.824302673339844,-18.306779861450195,True,0.3904857648801019,1451.573,0.13692623504382245
20190215_S1A,2019-02-15,S1A,1.0,-12.524221420288086,-18.294668197631836,True,0.3935119782445132,1462.8225,0.1574575708046365
20190227_S1A,2019-02-27,S1A,1.0,-12.931955337524414,-17.732452392578125,True,0.2579480570564223,958.8837,0.1370537451673596
20190311_S1A,2019-03-11,S1A,1.0,-13.791830062866211,-19.113365173339844,True,0.1457242452617951,541.7083,0.02651384712865091
20190323_S1A,2019-03-23,S1A,1.0,-14.188261032104492,-19.113365173339844,True,0.17192141534945884,639.0924,0.03928656848440956
20190404_S1A,2019-04-04,S1A,1.0,-11.699334144592285,-19.13193702697754,True,0.2799422352239507,1040.6438,0.011590293617346262
20190416_S1A,2019-04-16,S1A,1.0,-11.278411865234375,-19.003559112548828,True,0.3672114819153925,1365.0543,0.009703816310745291
20190428_S1A,2019-04-28,S1A,1.0,-11.292945861816406,-18.86953353881836,True,0.375474030317119,1395.7691,0.005523797733542525
20190504_S1B,2019-05-04,S1B,0.209289709698993,-14.176419258117676,-19.831947326660156,True,0.12365972646652618,96.2077,0.006919891748558972
20190510_S1A,2019-05-10,S1A,1.0,-13.78671646118164,-19.40241241455078,True,0.12625740382555659,469.3432,0.00708213822855996
20190603_S1A,2019-06-03,S1A,1.0,-14.058270454406738,-18.521007537841797,True,0.14735505670044313,547.7706,0.017273828716619484
20190615_S1A,2019-06-15,S1A,1.0,-12.508073806762695,-18.86953353881836,True,0.13268942873016676,493.2533,0.007331186482506539
20190627_S1A,2019-06-27,S1A,1.0,-13.088590621948242,-18.94704246520996,True,0.15251916290195716,566.9674,0.009199882314074167
20190709_S1A,2019-07-09,S1A,1.0,-12.789047241210938,-18.294668197631836,True,0.20751185810522807,771.3946,0.03540170625223832
20190721_S1A,2019-07-21,S1A,1.0,-12.935993194580078,-19.095603942871094,True,0.48939431857392895,1819.2509,0.023356518924129835
20190802_S1A,2019-08-02,S1A,1.0,-12.366510391235352,-18.849348068237305,True,0.40095396941032135,1490.487,0.03238662984798399
20190826_S1A,2019-08-26,S1A,1.0,-13.078632354736328,-18.840465545654297,True,0.24311752675338594,903.7534,0.035303921589989906
20190907_S1A,2019-09-07,S1A,1.0,-12.680317878723145,-18.931434631347656,True,0.20368141633295464,757.1555,0.023508051524527448
20190919_S1A,2019-09-19,S1A,1.0,-14.411909103393555,-18.95834732055664,True,0.23831262786824137,885.8919,0.01708022315562861
20191001_S1A,2019-10-01,S1A,1.0,-13.971611022949219,-19.113365173339844,True,0.25806564075894994,959.3208,0.025081644812803436
20191013_S1A,2019-10-13,S1A,1.0,-13.911325454711914,-18.95834732055664,True,0.18223171177310385,677.4194,0.014737614698247966
20191025_S1A,2019-10-25,S1A,1.0,-13.346956253051758,-18.587482452392578,True,0.18727656641815374,696.1729,0.01783987682199256
20191106_S1A,2019-11-06,S1A,1.0,-14.113712310791016,-18.863882064819336,True,0.16011647969082507,595.2093,0.019024214522171012
20191118_S1A,2019-11-18,S1A,1.0,-14.131743431091309,-18.85715103149414,True,0.1544138987756311,574.0108,0.02342000497719896
20191130_S1A,2019-11-30,S1A,1.0,-14.308563232421875,-19.12063217163086,True,0.15120064366249533,562.066,0.02489656682758498
20191212_S1A,2019-12-12,S1A,1.0,-14.411909103393555,-19.38626480102539,True,0.1523109501685864,566.1934,0.02739684128371059
20191224_S1A,2019-12-24,S1A,1.0,-14.188261032104492,-19.2702693939209,True,0.15041371251400762,559.1407,0.03083625201047014
20200105_S1A,2020-01-05,S1A,1.0,-13.193013191223145,-18.863882064819336,True,0.15048898114811246,559.4205,0.02782631367237522
20200117_S1A,2020-01-17,S1A,1.0,-13.863149642944336,-18.57806396484375,True,0.166373998652105,618.4707,0.0440883737695105
20200129_S1A,2020-01-29,S1A,1.0,-13.61770248413086,-18.45130157470703,True,0.22141226392906196,823.0673,0.08079463770970943
20200210_S1A,2020-02-10,S1A,1.0,-13.068405151367188,-18.57806396484375,True,0.3432679591082028,1276.0478,0.11959989582907123
20200222_S1A,2020-02-22,S1A,1.0,-13.101778030395508,-18.294668197631836,True,0.36321525008165084,1350.1989,0.16365254524329537
20200305_S1A,2020-03-05,S1A,1.0,-13.206469535827637,-18.18997573852539,True,0.22689893846208103,843.4632,0.09910366570353482
20200317_S1A,2020-03-17,S1A,1.0,-13.444650650024414,-19.013517379760742,True,0.19239313878247577,715.193,0.03219178684697566
20200329_S1A,2020-03-29,S1A,1.0,-13.926126480102539,-19.39649200439453,True,0.19514334922125612,725.4165,0.03193248936158022
20200410_S1A,2020-04-10,S1A,1.0,-12.241634368896484,-19.013517379760742,True,0.3268018021107983,1214.8373,0.01428756314407576
20200422_S1A,2020-04-22,S1A,1.0,-11.58387565612793,-18.863882064819336,True,0.31522463611798496,1171.8009,0.01821293808638348
20200504_S1A,2020-05-04,S1A,1.0,-13.78671646118164,-18.863882064819336,True,0.13914216730463425,517.2404,0.025077663484051646
20200516_S1A,2020-05-16,S1A,1.0,-11.69664192199707,-18.95323371887207,True,0.1639232486975473,609.3604,0.004706791412456808
20200522_S1B,2020-05-22,S1B,1.0,-13.506551742553711,-19.095603942871094,True,0.12470748330283178,463.5816,0.010823053905657949
20200528_S1A,2020-05-28,S1A,1.0,-13.221271514892578,-18.863882064819336,True,0.1584791851425204,589.1229,0.008616025832797804
20200609_S1A,2020-06-09,S1A,1.0,-13.153718948364258,-18.86953353881836,True,0.16825216358989312,625.4525,0.010883177349984003
20200621_S1A,2020-06-21,S1A,1.0,-12.410110473632812,-18.691905975341797,True,0.22387936961254595,832.2384,0.0183328890654662
20200703_S1A,2020-07-03,S1A,1.0,-13.781333923339844,-18.99252700805664,True,0.400156197211246,1487.5214,0.030114151958548774
20200715_S1A,2020-07-15,S1A,1.0,-13.163677215576172,-19.013517379760742,True,0.48293046994017436,1795.2225,0.03096397734096683
20200721_S1B,2020-07-21,S1B,0.9985852563487465,-13.516777038574219,-19.50602912902832,True,0.5189153137550871,1926.2618,0.03299330232261435
20200727_S1A,2020-07-27,S1A,1.0,-13.481791496276855,-18.98041534423828,True,0.5313315104765841,1975.1462,0.043193839141244604
20200808_S1A,2020-08-08,S1A,1.0,-12.76832389831543,-18.807361602783203,True,0.4544895251913062,1689.4975,0.03687980145221118
20200820_S1A,2020-08-20,S1A,1.0,-11.809947967529297,-18.727432250976562,True,0.4494002303091079,1670.5788,0.03654690318664746
20200901_S1A,2020-09-01,S1A,1.0,-12.784741401672363,-18.56756591796875,True,0.3555271428567201,1321.6195,0.05463292296863259
20200913_S1A,2020-09-13,S1A,1.0,-13.346418380737305,-18.939777374267578,True,0.3091177889292644,1149.0996,0.0435717156613556
20200925_S1A,2020-09-25,S1A,1.0,-13.193013191223145,-19.12063217163086,True,0.37007400348619135,1375.6953,0.032328281861074275
20201007_S1A,2020-10-07,S1A,1.0,-14.03889274597168,-19.013517379760742,True,0.2943502604636381,1094.2035,0.030118375395130067
20201019_S1A,2020-10-19,S1A,1.0,-13.708938598632812,-18.85715103149414,True,0.21773324715370637,809.3911,0.03141257624816203
20201031_S1A,2020-10-31,S1A,1.0,-13.078632354736328,-18.85715103149414,True,0.2021337554833052,751.4023,0.026811182444147943
20201112_S1A,2020-11-12,S1A,1.0,-13.883066177368164,-18.94704246520996,True,0.1822052951188183,677.3212,0.03211094973279231
20201124_S1A,2020-11-24,S1A,1.0,-13.655112266540527,-19.12682342529297,True,0.17996332281590022,668.987,0.030017012917179026
20201206_S1A,2020-12-06,S1A,1.0,-13.984796524047852,-19.113365173339844,True,0.17148971018858883,637.4876,0.033385405347284985
20201218_S1A,2020-12-18,S1A,1.0,-13.5641450881958,-19.568199157714844,True,0.18277228475463944,679.4289,0.026572625529479737
20201230_S1A,2020-12-30,S1A,1.0,-13.481791496276855,-19.295299530029297,True,0.18698028023658456,695.0715,0.035216036447881086
20210111_S1A,2021-01-11,S1A,1.0,-13.30416488647461,-18.840465545654297,True,0.19664358383719335,730.9934,0.044458933252996574
20210123_S1A,2021-01-23,S1A,1.0,-13.23984146118164,-18.306779861450195,True,0.2609089820094783,969.8905,0.08540028185117475
20210204_S1A,2021-02-04,S1A,1.0,-13.068405151367188,-18.60793685913086,True,0.34030305282639506,1265.0262,0.1152525538408134
20210216_S1A,2021-02-16,S1A,1.0,-13.781333923339844,-18.56756591796875,True,0.31195467397100607,1159.6453,0.15063007621097158
20210228_S1A,2021-02-28,S1A,1.0,-12.861713409423828,-18.840465545654297,True,0.24709067764071516,918.523,0.06579511614168139
20210312_S1A,2021-03-12,S1A,1.0,-13.481791496276855,-19.13193702697754,True,0.18678008396245727,694.3273,0.0245592837202203
20210324_S1A,2021-03-24,S1A,1.0,-13.725624084472656,-19.216712951660156,True,0.2029010489967334,754.2546,0.026678023137922453
20210405_S1A,2021-04-05,S1A,1.0,-12.93330192565918,-19.113365173339844,True,0.20865874979444374,775.658,0.03345693476046752
20210417_S1A,2021-04-17,S1A,1.0,-12.931955337524414,-19.12682342529297,True,0.24571071681429998,913.3932,0.02331753956358019
20210429_S1A,2021-04-29,S1A,1.0,-13.221271514892578,-18.94704246520996,True,0.19923004868062127,740.6082,0.041572523709687
20210511_S1A,2021-05-11,S1A,1.0,-13.737197875976562,-18.85715103149414,True,0.1418204986189228,527.1967,0.02015203349459598
20210523_S1A,2021-05-23,S1A,1.0,-13.911325454711914,-19.216712951660156,True,0.1475420177465577,548.4656,0.014459621108241057
20210604_S1A,2021-06-04,S1A,1.0,-12.961021423339844,-18.691905975341797,True,0.14534101546856515,540.2837,0.007778521048814346
20210616_S1A,2021-06-16,S1A,1.0,-12.382926940917969,-18.85715103149414,True,0.16083747680707872,597.8895,0.009123591446911442
20210628_S1A,2021-06-28,S1A,1.0,-12.735759735107422,-18.98041534423828,True,0.17313833000314013,643.6161,0.012018017449464496
20210710_S1A,2021-07-10,S1A,1.0,-13.170944213867188,-18.739004135131836,True,0.26373655935021917,980.4016,0.02755967224948491
20210722_S1A,2021-07-22,S1A,1.0,-12.242441177368164,-18.677371978759766,True,0.23281123855936264,865.4413,0.021490190369117326
20210803_S1A,2021-08-03,S1A,1.0,-12.882705688476562,-18.56756591796875,True,0.24352865274874838,905.2817,0.03641998488224911
20210815_S1A,2021-08-15,S1A,1.0,-13.447610855102539,-18.739004135131836,True,0.2524010707729876,938.2636,0.05837260120571313
20210827_S1A,2021-08-27,S1A,1.0,-12.952947616577148,-18.71478271484375,True,0.4053478230027133,1506.8205,0.05443221557797635
20210908_S1A,2021-09-08,S1A,1.0,-13.481791496276855,-18.98041534423828,True,0.3363095379805178,1250.1809,0.033690649518545716
20210920_S1A,2021-09-20,S1A,1.0,-13.063560485839844,-18.95323371887207,True,0.22313192894113684,829.4599,0.021961143899236445
20211002_S1A,2021-10-02,S1A,1.0,-12.956177711486816,-19.13193702697754,True,0.19570657273528502,727.5102,0.014621591246177151
20211014_S1A,2021-10-14,S1A,1.0,-13.363911628723145,-19.13193702697754,True,0.1860787244812631,691.7201,0.01573722412451724
20211026_S1A,2021-10-26,S1A,1.0,-14.456584930419922,-18.931434631347656,True,0.15849833856192092,589.1941,0.017645195226203902
20211107_S1A,2021-11-07,S1A,1.0,-13.764378547668457,-18.94704246520996,True,0.1695223957678045,630.1744,0.03459053741993057
20211119_S1A,2021-11-19,S1A,1.0,-14.188261032104492,-19.12682342529297,True,0.15659642015597178,582.124,0.028803433971370855
20211201_S1A,2021-12-01,S1A,1.0,-14.247737884521484,-19.12063217163086,True,0.15809027926573216,587.6772,0.030879804518910356
20211213_S1A,2021-12-13,S1A,1.0,-13.202970504760742,-19.113365173339844,True,0.1725428792469177,641.4026,0.030687624704026542
20211225_S1A,2021-12-25,S1A,1.0,-14.028934478759766,-18.807361602783203,True,0.17450588952851087,648.6998,0.04963008748243609
20220106_S1A,2022-01-06,S1A,1.0,-13.374406814575195,-18.57806396484375,True,0.19862867973301102,738.3727,0.0590402269959968
20220118_S1A,2022-01-18,S1A,1.0,-12.662284851074219,-18.306779861450195,True,0.25024499294780245,930.2487,0.0728590424812889
20220130_S1A,2022-01-30,S1A,1.0,-13.206469535827637,-18.32857894897461,True,0.31237446204649066,1161.2058,0.11883042334517752
20220211_S1A,2022-02-11,S1A,1.0,-12.536333084106445,-18.56756591796875,True,0.34193133558326827,1271.0791,0.1223966178719857
20220223_S1A,2022-02-23,S1A,1.0,-13.23984146118164,-18.18997573852539,True,0.32901517878896536,1223.0652,0.161284569265557
20220307_S1A,2022-03-07,S1A,1.0,-12.952947616577148,-18.739004135131836,True,0.21355793622874392,793.87,0.055773681259500885
20220319_S1A,2022-03-19,S1A,1.0,-13.506551742553711,-19.113365173339844,True,0.1899454286262218,706.094,0.02430509740011431
20220331_S1A,2022-03-31,S1A,1.0,-12.245671272277832,-19.13193702697754,True,0.27164985375745565,1009.8181,0.010430893023606402
20220412_S1A,2022-04-12,S1A,1.0,-13.914554595947266,-19.12682342529297,True,0.1897800689786727,705.4793,0.0315354594220687
20220506_S1A,2022-05-06,S1A,1.0,-14.518486022949219,-18.877607345581055,True,0.12088777497766623,449.3824,0.011919237455028134
20220518_S1A,2022-05-18,S1A,1.0,-13.007312774658203,-19.135974884033203,True,0.14379948801726306,534.5533,0.0058751230950182575
20220530_S1A,2022-05-30,S1A,1.0,-13.37252426147461,-18.962383270263672,True,0.14233712982620775,529.1172,0.00902303599505874
20220611_S1A,2022-06-11,S1A,1.0,-12.601730346679688,-18.95323371887207,True,0.15704240967878236,583.7819,0.008299160485721031
20220623_S1A,2022-06-23,S1A,1.0,-13.007312774658203,-18.849348068237305,True,0.3898029939000394,1449.0349,0.023235142198940056
20220705_S1A,2022-07-05,S1A,1.0,-12.365434646606445,-18.587482452392578,True,0.3065564494983647,1139.5782,0.020083032763188225
20220717_S1A,2022-07-17,S1A,1.0,-12.956177711486816,-19.12063217163086,True,0.1993289900802773,740.976,0.014219557744855955
20220729_S1A,2022-07-29,S1A,1.0,-13.890064239501953,-18.94704246520996,True,0.2079941638024638,773.1875,0.025861178222056407
20220810_S1A,2022-08-10,S1A,1.0,-11.66946029663086,-18.595827102661133,True,0.279812088815159,1040.16,0.03541426895850242
20220822_S1A,2022-08-22,S1A,1.0,-12.520184516906738,-18.159027099609375,True,0.21315019974299446,792.3543,0.074324897785437
20220903_S1A,2022-09-03,S1A,1.0,-13.636541366577148,-18.317813873291016,True,0.22640264431247414,841.6183,0.043506723159569584
20220915_S1A,2022-09-15,S1A,1.0,-13.5641450881958,-18.931434631347656,True,0.24086059756677866,895.3636,0.02703047833593586
20220927_S1A,2022-09-27,S1A,1.0,-14.337359428405762,-18.939777374267578,True,0.17752623850327434,659.9275,0.01256351329019994
20221009_S1A,2022-10-09,S1A,1.0,-13.890064239501953,-19.13193702697754,True,0.1719743562615097,639.2892,0.010972434436459998
20221021_S1A,2022-10-21,S1A,1.0,-13.911325454711914,-19.13193702697754,True,0.19470386970897213,723.7828,0.01226093230506372
20221102_S1A,2022-11-02,S1A,1.0,-14.308563232421875,-18.849348068237305,True,0.16713381372368863,621.2952,0.014630011218469793
20221114_S1A,2022-11-14,S1A,1.0,-14.058270454406738,-18.85715103149414,True,0.15996166518429422,594.6338,0.03282436080372159
20221126_S1A,2022-11-26,S1A,1.0,-14.561007499694824,-19.28803253173828,True,0.1522229574229978,565.8663,0.03115018516272296
20221208_S1A,2022-12-08,S1A,1.0,-13.464028358459473,-19.211061477661133,True,0.16401118764139602,609.6873,0.026678076939662343
20230101_S1A,2023-01-01,S1A,1.0,-13.435232162475586,-18.86953353881836,True,0.15392806906443265,572.2048,0.02916140384772289
20230113_S1A,2023-01-13,S1A,1.0,-13.435232162475586,-18.863882064819336,True,0.17660566383290213,656.5054,0.04075777706167662
20230125_S1A,2023-01-25,S1A,1.0,-13.206469535827637,-18.306779861450195,True,0.22596754964199112,840.0009,0.0697991761285769
20230206_S1A,2023-02-06,S1A,1.0,-12.824302673339844,-18.294668197631836,True,0.3107184444927046,1155.0498,0.10175606457919682
20230218_S1A,2023-02-18,S1A,1.0,-13.206469535827637,-18.306779861450195,True,0.31152191967620824,1158.0366,0.1394859604225255
20230302_S1A,2023-03-02,S1A,1.0,-13.376022338867188,-18.65853500366211,True,0.22687854760266307,843.3874,0.07046403112925628
20230314_S1A,2023-03-14,S1A,1.0,-13.374406814575195,-19.12063217163086,True,0.18530836426866124,688.8564,0.03390736292681895
20230326_S1A,2023-03-26,S1A,1.0,-13.926126480102539,-19.391916275024414,True,0.15734824566918187,584.9188,0.029815363996074734
20230407_S1A,2023-04-07,S1A,1.0,-13.791830062866211,-19.221288681030273,True,0.16347486499731168,607.6936,0.0256171873316594
20230419_S1A,2023-04-19,S1A,1.0,-11.835245132446289,-18.874107360839844,True,0.303169952782786,1126.9894,0.008397832876677615
20230501_S1A,2023-05-01,S1A,1.0,-13.914554595947266,-18.877607345581055,True,0.13577762169893037,504.7332,0.020370872071594836
20230513_S1A,2023-05-13,S1A,1.0,-13.914554595947266,-19.399991989135742,True,0.13932837512639037,517.9326,0.013360209454477528
20230525_S1A,2023-05-25,S1A,1.0,-12.952947616577148,-18.863882064819336,True,0.12955873238689078,481.6154,0.008372196347620466
20230606_S1A,2023-06-06,S1A,1.0,-13.864496231079102,-19.28803253173828,True,0.1364120249148325,507.0915,0.00998969185564595
20230630_S1A,2023-06-30,S1A,1.0,-12.789047241210938,-18.69755744934082,True,0.18193494137587565,676.3162,0.01286087550656692
20230712_S1A,2023-07-12,S1A,1.0,-12.956177711486816,-18.86953353881836,True,0.21977542669554637,816.9826,0.017084877006129012
20230724_S1A,2023-07-24,S1A,1.0,-13.494440078735352,-18.849348068237305,True,0.2284867085088178,849.3655,0.02834638819101307
20230805_S1A,2023-08-05,S1A,1.0,-12.935993194580078,-18.417123794555664,True,0.2526111665672545,939.0446,0.048414840682691355
20230817_S1A,2023-08-17,S1A,1.0,-12.793353080749512,-18.739004135131836,True,0.34958893722168194,1299.5451,0.06749740319177208
20230829_S1A,2023-08-29,S1A,1.0,-14.058270454406738,-18.830509185791016,True,0.28917033655059665,1074.9479,0.0458137417660136
20230910_S1A,2023-09-10,S1A,1.0,-13.464028358459473,-18.85715103149414,True,0.19654310908795047,730.6199,0.019281521343190566
20230922_S1A,2023-09-22,S1A,1.0,-12.662285804748535,-18.69755744934082,True,0.1827505757525942,679.3482,0.014035986208354393
20231004_S1A,2023-10-04,S1A,1.0,-12.087690353393555,-18.702133178710938,True,0.18751181452581878,697.0474,0.00764342487995285
20231016_S1A,2023-10-16,S1A,1.0,-14.467350006103516,-18.95834732055664,True,0.17291338492866387,642.7799,0.012612741882198453
20231109_S1A,2023-11-09,S1A,1.0,-14.188261032104492,-18.863882064819336,True,0.16150141717817998,600.3576,0.03665846109430748
20240120_S1A,2024-01-20,S1A,1.0,-13.363911628723145,-18.317813873291016,True,0.19545830460656685,726.5873,0.0593076485441155
20240201_S1A,2024-02-01,S1A,1.0,-12.863327026367188,-18.317813873291016,True,0.2825253912603754,1050.2463,0.07936875709829892
20240213_S1A,2024-02-13,S1A,1.0,-13.091550827026367,-18.45130157470703,True,0.32681296597182524,1214.8788,0.13418589722431173
20240225_S1A,2024-02-25,S1A,1.0,-12.062392234802246,-18.021770477294922,True,0.2983757604438794,1109.1677,0.11937462794415563
20240308_S1A,2024-03-08,S1A,1.0,-13.343727111816406,-18.739004135131836,True,0.19657127429878243,730.7246,0.04981661811463155
20240320_S1A,2024-03-20,S1A,1.0,-13.636541366577148,-18.95323371887207,True,0.12455288400326049,463.0069,0.02205136941703044
20240401_S1A,2024-04-01,S1A,1.0,-13.063560485839844,-18.863882064819336,True,0.1720357171458532,639.5173,0.02268501940857415
20240519_S1A,2024-05-19,S1A,1.0,-12.657442092895508,-18.874107360839844,True,0.1738325876546689,646.1969,0.016171484868032
20240531_S1A,2024-05-31,S1A,1.0,-13.176596641540527,-18.874107360839844,True,0.11851323518766141,440.5554,0.00792515769088205
20240612_S1A,2024-06-12,S1A,1.0,-13.088590621948242,-18.877607345581055,True,0.12908137644972487,479.8409,0.0071363434814982135
20240624_S1A,2024-06-24,S1A,1.0,-13.614204406738281,-18.863882064819336,True,0.1619355165164751,601.9713,0.008798010217972638
20240811_S1A,2024-08-11,S1A,1.0,-13.080785751342773,-18.543346405029297,True,0.3187655707279152,1184.9638,0.07113649907612997
20240823_S1A,2024-08-23,S1A,1.0,-12.531488418579102,-18.407703399658203,True,0.2825749426628133,1050.4305,0.07546899178417842
20240904_S1A,2024-09-04,S1A,1.0,-13.419351577758789,-18.587482452392578,True,0.19099660702017476,710.0016,0.0286962609055118
20240916_S1A,2024-09-16,S1A,1.0,-13.299589157104492,-18.849348068237305,True,0.17038400373125825,633.3773,0.013819218998341265
20240928_S1A,2024-09-28,S1A,1.0,-13.144569396972656,-18.863882064819336,True,0.17641490976412538,655.7963,0.015090150598871201
20241010_S1A,2024-10-10,S1A,1.0,-13.716472625732422,-19.013517379760742,True,0.19372395171950227,720.1401,0.014475815431947672
20241022_S1A,2024-10-22,S1A,1.0,-15.005882263183594,-18.95834732055664,True,0.15415645745026182,573.0538,0.016982761303819528
20241103_S1A,2024-11-03,S1A,1.0,-14.316099166870117,-18.691905975341797,True,0.1481868854008683,550.8628,0.023339544475194828
20241115_S1A,2024-11-15,S1A,1.0,-13.363911628723145,-18.702133178710938,True,0.16083513643139355,597.8808,0.033775548664090695
20241127_S1A,2024-11-27,S1A,1.0,-14.1748046875,-18.86953353881836,True,0.15400812605338762,572.5024,0.04070983971143544
20241209_S1A,2024-12-09,S1A,1.0,-14.058270454406738,-19.13193702697754,True,0.15581454637103365,579.2175,0.03993361510918565
20241221_S1A,2024-12-21,S1A,1.0,-13.708938598632812,-19.135974884033203,True,0.15644356941294688,581.5558,0.034285131843450174
20250102_S1A,2025-01-02,S1A,1.0,-13.617433547973633,-19.12063217163086,True,0.17969856445390603,668.0028,0.054705609119222745
20250114_S1A,2025-01-14,S1A,1.0,-12.931955337524414,-18.57806396484375,True,0.19907380842798336,740.0274,0.06030427197382093
20250126_S1A,2025-01-26,S1A,1.0,-13.068405151367188,-18.425466537475586,True,0.24936008883097668,926.9592,0.08138677965892871
20250207_S1A,2025-02-07,S1A,1.0,-13.099085807800293,-18.385635375976562,True,0.309455125838369,1150.3536,0.11795630647719954
20250219_S1A,2025-02-19,S1A,1.0,-13.342381477355957,-18.294668197631836,True,0.2706463975067843,1006.0879,0.12218348227941508
20250303_S1A,2025-03-03,S1A,1.0,-13.069211959838867,-18.57806396484375,True,0.22463929228760937,835.0633,0.06586643034790438
20250327_S1A,2025-03-27,S1A,1.0,-12.784741401672363,-19.12682342529297,True,0.19505839627397126,725.1007,0.013562746104289992
20250408_S1A,2025-04-08,S1A,1.0,-12.798196792602539,-19.13193702697754,True,0.2669198468942367,992.235,0.012885355298216453
20250420_S1A,2025-04-20,S1A,1.0,-12.382926940917969,-18.86953353881836,True,0.24779109559146123,921.1267,0.018273949259417704
20250502_S1A,2025-05-02,S1A,1.0,-14.316099166870117,-19.135974884033203,True,0.16536282185175957,614.7118,0.029380376929071472
20250514_S1A,2025-05-14,S1A,1.0,-11.399252891540527,-18.965343475341797,True,0.2989987576909251,1111.4836,0.011298446079317915
20250526_S1A,2025-05-26,S1A,1.0,-12.662285804748535,-18.880027770996094,True,0.13991519070336064,520.114,0.008184885590196613
20250607_S1A,2025-06-07,S1A,1.0,-13.890064239501953,-18.840465545654297,True,0.19523462387297796,725.7558,0.0128949858096566
20250713_S1A,2025-07-13,S1A,1.0,-12.789047241210938,-18.521007537841797,True,0.1612735668097497,599.5106,0.008866715039811
20250725_S1A,2025-07-25,S1A,1.0,-12.39100170135498,-18.595827102661133,True,0.1780462054184324,661.8604,0.015599653075620848
20250806_S1A,2025-08-06,S1A,0.9986197970657553,-13.078632354736328,-18.464488983154297,True,0.27593315290586673,1024.3249,0.05604194599179596
20250818_S1A,2025-08-18,S1A,0.9986233748814579,-12.39100170135498,-18.595827102661133,True,0.3292415659624951,1222.2219,0.06935367364319253
20250830_S1A,2025-08-30,S1A,0.9986239667005967,-14.012517929077148,-18.840465545654297,True,0.19035890141380263,706.6573,0.02683023956958348
20250911_S1A,2025-09-11,S1A,0.9985750340181676,-13.591865539550781,-19.12682342529297,True,0.16841340812102235,625.1598,0.011536925586335633
20250923_S1A,2025-09-23,S1A,0.998575787242526,-13.221271514892578,-18.840465545654297,True,0.19374252166776723,719.1834,0.01789622014485982
20251005_S1A,2025-10-05,S1A,0.9985755720355665,-13.514894485473633,-18.85715103149414,True,0.15620353654071242,579.8364,0.008835990871691403
20251017_S1A,2025-10-17,S1A,0.9985755989364364,-14.467350006103516,-18.877607345581055,True,0.14305478453199358,531.0275,0.01397597111186523
20251029_S1A,2025-10-29,S1A,0.998575787242526,-13.23392105102539,-18.702133178710938,True,0.13973867215853547,518.718,0.016353706364901233
20251110_S1A,2025-11-10,S1A,0.9986238859979869,-13.176596641540527,-18.685178756713867,True,0.14941869003816674,554.6775,0.016650986989944928
20251122_S1A,2025-11-22,S1A,0.998574334595549,-14.039162635803223,-18.85715103149414,True,0.1444403718245126,536.1702,0.03226040301911703
20251204_S1A,2025-12-04,S1A,0.9985755451346966,-13.363911628723145,-18.86953353881836,True,0.15298815344065192,567.9007,0.03858583302350958
20251216_S1A,2025-12-16,S1A,0.998574872612948,-13.649190902709961,-18.863882064819336,True,0.1595685213863526,592.327,0.04650616362228763
20251228_S1A,2025-12-28,S1A,0.9986239936014667,-13.202163696289062,-18.85715103149414,True,0.17031607466420245,632.2536,0.0504365993031479
